"Kind","Operation","Agent_Id","Allocation_Size","Address","Correlation_Id","Start_Timestamp","End_Timestamp"
"MEMORY_ALLOCATION","MEMORY_ALLOCATION_ALLOCATE",0,1048576,"0x00007f152c200000",1,1970369563365983,1970369563567192
"MEMORY_ALLOCATION","MEMORY_ALLOCATION_ALLOCATE",0,4194304,"0x00007f1514600000",1,1970369563590029,1970369564265019
"MEMORY_ALLOCATION","MEMORY_ALLOCATION_ALLOCATE",0,56,"0x00007f152c36a000",1,1970369564274435,1970369564286337
"MEMORY_ALLOCATION","MEMORY_ALLOCATION_ALLOCATE",2,11010048,"0x00007f0d07000000",2,1970370985769941,1970370985809233
"MEMORY_ALLOCATION","MEMORY_ALLOCATION_ALLOCATE",2,7340032,"0x00007f0d06600000",3,1970370985816213,1970370985826728
"MEMORY_ALLOCATION","MEMORY_ALLOCATION_ALLOCATE",2,344064,"0x00007f1514200000",4,1970370985829050,1970370985840068
"MEMORY_ALLOCATION","MEMORY_ALLOCATION_ALLOCATE",2,1792,"0x00007f1514254000",5,1970370985842124,1970370985842697
"MEMORY_ALLOCATION","MEMORY_ALLOCATION_ALLOCATE",2,3145728,"0x00007f0d06000000",6,1970370985844434,1970370985853556
"MEMORY_ALLOCATION","MEMORY_ALLOCATION_ALLOCATE",2,1048576,"0x00007f1514255000",7,1970370997907833,1970370997908787
"MEMORY_ALLOCATION","MEMORY_ALLOCATION_ALLOCATE",0,4194304,"0x00007f0d04e00000",7,1970371185328694,1970371186003181
"MEMORY_ALLOCATION","MEMORY_ALLOCATION_FREE",0,0,"0x00007f0d07000000",65,1970371198455556,1970371198558476
"MEMORY_ALLOCATION","MEMORY_ALLOCATION_FREE",0,0,"0x00007f0d06600000",66,1970371198562296,1970371198645729
"MEMORY_ALLOCATION","MEMORY_ALLOCATION_FREE",0,0,"0x00007f1514200000",67,1970371198648268,1970371198648818
"MEMORY_ALLOCATION","MEMORY_ALLOCATION_FREE",0,0,"0x00007f1514254000",68,1970371198650748,1970371198651187
"MEMORY_ALLOCATION","MEMORY_ALLOCATION_FREE",0,0,"0x00007f0d06000000",69,1970371198652902,1970371198737034
"MEMORY_ALLOCATION","MEMORY_ALLOCATION_ALLOCATE",2,4718592,"0x00007f0d07600000",72,1970371689257146,1970371689311068
"MEMORY_ALLOCATION","MEMORY_ALLOCATION_ALLOCATE",2,1572864,"0x00007f0d07200000",73,1970371689326042,1970371689340993
"MEMORY_ALLOCATION","MEMORY_ALLOCATION_ALLOCATE",2,147456,"0x00007f1514200000",74,1970371689354899,1970371689356795
"MEMORY_ALLOCATION","MEMORY_ALLOCATION_ALLOCATE",2,384,"0x00007f1514224000",75,1970371689364255,1970371689364697
"MEMORY_ALLOCATION","MEMORY_ALLOCATION_ALLOCATE",2,6291456,"0x00007f0d06a00000",76,1970371689367576,1970371689378693
"MEMORY_ALLOCATION","MEMORY_ALLOCATION_FREE",0,0,"0x00007f0d07600000",135,1970371691538484,1970371691640958
"MEMORY_ALLOCATION","MEMORY_ALLOCATION_FREE",0,0,"0x00007f0d07200000",136,1970371691644092,1970371691644881
"MEMORY_ALLOCATION","MEMORY_ALLOCATION_FREE",0,0,"0x00007f1514200000",137,1970371691646558,1970371691646859
"MEMORY_ALLOCATION","MEMORY_ALLOCATION_FREE",0,0,"0x00007f1514224000",138,1970371691648410,1970371691648891
"MEMORY_ALLOCATION","MEMORY_ALLOCATION_FREE",0,0,"0x00007f0d06a00000",139,1970371691650451,1970371691736206
"MEMORY_ALLOCATION","MEMORY_ALLOCATION_ALLOCATE",2,4128768,"0x00007f0d07800000",142,1970372590487471,1970372590511999
"MEMORY_ALLOCATION","MEMORY_ALLOCATION_ALLOCATE",2,7340032,"0x00007f0d06800000",143,1970372590515640,1970372590528204
"MEMORY_ALLOCATION","MEMORY_ALLOCATION_ALLOCATE",2,129024,"0x00007f1514200000",144,1970372590530358,1970372590531066
"MEMORY_ALLOCATION","MEMORY_ALLOCATION_ALLOCATE",2,1792,"0x00007f1514220000",145,1970372590532893,1970372590533482
"MEMORY_ALLOCATION","MEMORY_ALLOCATION_ALLOCATE",2,1179648,"0x00007f0d07200000",146,1970372590535197,1970372590535691
"MEMORY_ALLOCATION","MEMORY_ALLOCATION_FREE",0,0,"0x00007f0d07800000",205,1970372595586635,1970372595700917
"MEMORY_ALLOCATION","MEMORY_ALLOCATION_FREE",0,0,"0x00007f0d06800000",206,1970372595703763,1970372595786765
"MEMORY_ALLOCATION","MEMORY_ALLOCATION_FREE",0,0,"0x00007f1514200000",207,1970372595788787,1970372595789234
"MEMORY_ALLOCATION","MEMORY_ALLOCATION_FREE",0,0,"0x00007f1514220000",208,1970372595790876,1970372595791332
"MEMORY_ALLOCATION","MEMORY_ALLOCATION_FREE",0,0,"0x00007f0d07200000",209,1970372595793152,1970372595793622
"MEMORY_ALLOCATION","MEMORY_ALLOCATION_ALLOCATE",2,1835008,"0x00007f0d07200000",212,1970372758172457,1970372758174886
"MEMORY_ALLOCATION","MEMORY_ALLOCATION_ALLOCATE",2,262144,"0x00007f0d073c0000",213,1970372758179783,1970372758180440
"MEMORY_ALLOCATION","MEMORY_ALLOCATION_ALLOCATE",2,57344,"0x00007f1514200000",214,1970372758183651,1970372758184888
"MEMORY_ALLOCATION","MEMORY_ALLOCATION_ALLOCATE",2,64,"0x00007f151420e000",215,1970372758186987,1970372758187540
"MEMORY_ALLOCATION","MEMORY_ALLOCATION_ALLOCATE",2,14680064,"0x00007f0d06200000",216,1970372758189622,1970372758228482
"MEMORY_ALLOCATION","MEMORY_ALLOCATION_FREE",0,0,"0x00007f0d07200000",275,1970372760010115,1970372760011216
"MEMORY_ALLOCATION","MEMORY_ALLOCATION_FREE",0,0,"0x00007f0d073c0000",276,1970372760013358,1970372760013935
"MEMORY_ALLOCATION","MEMORY_ALLOCATION_FREE",0,0,"0x00007f1514200000",277,1970372760015540,1970372760015820
"MEMORY_ALLOCATION","MEMORY_ALLOCATION_FREE",0,0,"0x00007f151420e000",278,1970372760017296,1970372760017891
"MEMORY_ALLOCATION","MEMORY_ALLOCATION_FREE",0,0,"0x00007f0d06200000",279,1970372760019555,1970372760121591
"MEMORY_ALLOCATION","MEMORY_ALLOCATION_ALLOCATE",2,14680064,"0x00007f0d06200000",282,1970374070094924,1970374070136454
"MEMORY_ALLOCATION","MEMORY_ALLOCATION_ALLOCATE",2,2097152,"0x00007f0d07a00000",283,1970374070144254,1970374070155687
"MEMORY_ALLOCATION","MEMORY_ALLOCATION_ALLOCATE",2,458752,"0x00007f1514355000",284,1970374070159790,1970374070161244
"MEMORY_ALLOCATION","MEMORY_ALLOCATION_ALLOCATE",2,512,"0x00007f15143c5000",285,1970374070163171,1970374070163844
"MEMORY_ALLOCATION","MEMORY_ALLOCATION_ALLOCATE",2,14680064,"0x00007f0cd8c00000",286,1970374070166214,1970374070180196
"MEMORY_ALLOCATION","MEMORY_ALLOCATION_FREE",0,0,"0x00007f0d06200000",345,1970374074003094,1970374074134549
"MEMORY_ALLOCATION","MEMORY_ALLOCATION_FREE",0,0,"0x00007f0d07a00000",346,1970374074137405,1970374074137814
"MEMORY_ALLOCATION","MEMORY_ALLOCATION_FREE",0,0,"0x00007f1514355000",347,1970374074141028,1970374074141314
"MEMORY_ALLOCATION","MEMORY_ALLOCATION_FREE",0,0,"0x00007f15143c5000",348,1970374074142800,1970374074143332
"MEMORY_ALLOCATION","MEMORY_ALLOCATION_FREE",0,0,"0x00007f0cd8c00000",349,1970374074145219,1970374074228603
"MEMORY_ALLOCATION","MEMORY_ALLOCATION_ALLOCATE",2,33030144,"0x00007f0cd0000000",352,1970377240975574,1970377241047042
"MEMORY_ALLOCATION","MEMORY_ALLOCATION_ALLOCATE",2,7340032,"0x00007f0d06800000",353,1970377241065640,1970377241085335
"MEMORY_ALLOCATION","MEMORY_ALLOCATION_ALLOCATE",2,1032192,"0x00007f0d07a00000",354,1970377241092875,1970377241096958
"MEMORY_ALLOCATION","MEMORY_ALLOCATION_ALLOCATE",2,1792,"0x00007f1514200000",355,1970377241104497,1970377241105281
"MEMORY_ALLOCATION","MEMORY_ALLOCATION_ALLOCATE",2,9437184,"0x00007f0cd9000000",356,1970377241108503,1970377241129515
"MEMORY_ALLOCATION","MEMORY_ALLOCATION_FREE",0,0,"0x00007f0cd0000000",415,1970377250928573,1970377251040875
"MEMORY_ALLOCATION","MEMORY_ALLOCATION_FREE",0,0,"0x00007f0d06800000",416,1970377251045628,1970377251132564
"MEMORY_ALLOCATION","MEMORY_ALLOCATION_FREE",0,0,"0x00007f0d07a00000",417,1970377251134960,1970377251135815
"MEMORY_ALLOCATION","MEMORY_ALLOCATION_FREE",0,0,"0x00007f1514200000",418,1970377251137539,1970377251138073
"MEMORY_ALLOCATION","MEMORY_ALLOCATION_FREE",0,0,"0x00007f0cd9000000",419,1970377251140152,1970377251222017
"MEMORY_ALLOCATION","MEMORY_ALLOCATION_ALLOCATE",2,16515072,"0x00007f0cd8a00000",422,1970378725154725,1970378725214752
"MEMORY_ALLOCATION","MEMORY_ALLOCATION_ALLOCATE",2,2359296,"0x00007f0d06c00000",423,1970378725230670,1970378725252939
"MEMORY_ALLOCATION","MEMORY_ALLOCATION_ALLOCATE",2,516096,"0x00007f1514355000",424,1970378725258375,1970378725261946
"MEMORY_ALLOCATION","MEMORY_ALLOCATION_ALLOCATE",2,576,"0x00007f15143d3000",425,1970378725264627,1970378725266725
"MEMORY_ALLOCATION","MEMORY_ALLOCATION_ALLOCATE",2,14680064,"0x00007f0cd3000000",426,1970378725269373,1970378725392819
"MEMORY_ALLOCATION","MEMORY_ALLOCATION_FREE",0,0,"0x00007f0cd8a00000",485,1970378729622165,1970378729724876
"MEMORY_ALLOCATION","MEMORY_ALLOCATION_FREE",0,0,"0x00007f0d06c00000",486,1970378729728166,1970378729845633
"MEMORY_ALLOCATION","MEMORY_ALLOCATION_FREE",0,0,"0x00007f1514355000",487,1970378729847801,1970378729848229
"MEMORY_ALLOCATION","MEMORY_ALLOCATION_FREE",0,0,"0x00007f15143d3000",488,1970378729850065,1970378729850526
"MEMORY_ALLOCATION","MEMORY_ALLOCATION_FREE",0,0,"0x00007f0cd3000000",489,1970378729852113,1970378729936559
"MEMORY_ALLOCATION","MEMORY_ALLOCATION_ALLOCATE",2,3670016,"0x00007f0d06c00000",492,1970379594528317,1970379594567832
"MEMORY_ALLOCATION","MEMORY_ALLOCATION_ALLOCATE",2,7340032,"0x00007f0d06200000",493,1970379594574011,1970379594586011
"MEMORY_ALLOCATION","MEMORY_ALLOCATION_ALLOCATE",2,114688,"0x00007f1514200000",494,1970379594588314,1970379594589308
"MEMORY_ALLOCATION","MEMORY_ALLOCATION_ALLOCATE",2,1792,"0x00007f151421c000",495,1970379594591050,1970379594592165
"MEMORY_ALLOCATION","MEMORY_ALLOCATION_ALLOCATE",2,1048576,"0x00007f0d07a00000",496,1970379594593848,1970379594594399
"MEMORY_ALLOCATION","MEMORY_ALLOCATION_FREE",0,0,"0x00007f0d06c00000",555,1970379599700062,1970379599827538
"MEMORY_ALLOCATION","MEMORY_ALLOCATION_FREE",0,0,"0x00007f0d06200000",556,1970379599830361,1970379599912763
"MEMORY_ALLOCATION","MEMORY_ALLOCATION_FREE",0,0,"0x00007f1514200000",557,1970379599914963,1970379599915681
"MEMORY_ALLOCATION","MEMORY_ALLOCATION_FREE",0,0,"0x00007f151421c000",558,1970379599917400,1970379599917956
"MEMORY_ALLOCATION","MEMORY_ALLOCATION_FREE",0,0,"0x00007f0d07a00000",559,1970379599919496,1970379599920056
"MEMORY_ALLOCATION","MEMORY_ALLOCATION_ALLOCATE",2,2097152,"0x00007f0d07600000",562,1970379802118416,1970379802142077
"MEMORY_ALLOCATION","MEMORY_ALLOCATION_ALLOCATE",2,524288,"0x00007f1514355000",563,1970379802145870,1970379802146397
"MEMORY_ALLOCATION","MEMORY_ALLOCATION_ALLOCATE",2,65536,"0x00007f15143d5000",564,1970379802148925,1970379802149697
"MEMORY_ALLOCATION","MEMORY_ALLOCATION_ALLOCATE",2,128,"0x00007f15143e5000",565,1970379802151089,1970379802151461
"MEMORY_ALLOCATION","MEMORY_ALLOCATION_ALLOCATE",2,8388608,"0x00007f0d06800000",566,1970379802153335,1970379802162829
"MEMORY_ALLOCATION","MEMORY_ALLOCATION_FREE",0,0,"0x00007f0d07600000",625,1970379803615016,1970379803713247
"MEMORY_ALLOCATION","MEMORY_ALLOCATION_FREE",0,0,"0x00007f1514355000",626,1970379803715880,1970379803716405
"MEMORY_ALLOCATION","MEMORY_ALLOCATION_FREE",0,0,"0x00007f15143d5000",627,1970379803717857,1970379803718185
"MEMORY_ALLOCATION","MEMORY_ALLOCATION_FREE",0,0,"0x00007f15143e5000",628,1970379803719856,1970379803720294
"MEMORY_ALLOCATION","MEMORY_ALLOCATION_FREE",0,0,"0x00007f0d06800000",629,1970379803721937,1970379803804581
"MEMORY_ALLOCATION","MEMORY_ALLOCATION_ALLOCATE",2,11010048,"0x00007f0cd8e00000",632,1970384102862015,1970384102925650
"MEMORY_ALLOCATION","MEMORY_ALLOCATION_ALLOCATE",2,44040192,"0x00007f0ccea00000",633,1970384102941511,1970384102962912
"MEMORY_ALLOCATION","MEMORY_ALLOCATION_ALLOCATE",2,344064,"0x00007f1514200000",634,1970384102971152,1970384102975512
"MEMORY_ALLOCATION","MEMORY_ALLOCATION_ALLOCATE",2,10752,"0x00007f1514355000",635,1970384102980484,1970384102981094
"MEMORY_ALLOCATION","MEMORY_ALLOCATION_ALLOCATE",2,18874368,"0x00007f0ccd600000",636,1970384102986545,1970384102998661
"MEMORY_ALLOCATION","MEMORY_ALLOCATION_FREE",0,0,"0x00007f0cd8e00000",695,1970384116514243,1970384116623889
"MEMORY_ALLOCATION","MEMORY_ALLOCATION_FREE",0,0,"0x00007f0ccea00000",696,1970384116628213,1970384116714562
"MEMORY_ALLOCATION","MEMORY_ALLOCATION_FREE",0,0,"0x00007f1514200000",697,1970384116717027,1970384116717747
"MEMORY_ALLOCATION","MEMORY_ALLOCATION_FREE",0,0,"0x00007f1514355000",698,1970384116721182,1970384116721592
"MEMORY_ALLOCATION","MEMORY_ALLOCATION_FREE",0,0,"0x00007f0ccd600000",699,1970384116723611,1970384116808215
"MEMORY_ALLOCATION","MEMORY_ALLOCATION_ALLOCATE",2,4718592,"0x00007f0d06e00000",702,1970385218892966,1970385218938319
"MEMORY_ALLOCATION","MEMORY_ALLOCATION_ALLOCATE",2,9437184,"0x00007f0cd9000000",703,1970385218943853,1970385218958470
"MEMORY_ALLOCATION","MEMORY_ALLOCATION_ALLOCATE",2,147456,"0x00007f1514200000",704,1970385218960621,1970385218961872
"MEMORY_ALLOCATION","MEMORY_ALLOCATION_ALLOCATE",2,2304,"0x00007f1514224000",705,1970385218963969,1970385218964912
"MEMORY_ALLOCATION","MEMORY_ALLOCATION_ALLOCATE",2,37748736,"0x00007f0cd1a00000",706,1970385218966740,1970385219102037
"MEMORY_ALLOCATION","MEMORY_ALLOCATION_FREE",0,0,"0x00007f0d06e00000",765,1970385224445791,1970385224543836
"MEMORY_ALLOCATION","MEMORY_ALLOCATION_FREE",0,0,"0x00007f0cd9000000",766,1970385224547171,1970385224630307
"MEMORY_ALLOCATION","MEMORY_ALLOCATION_FREE",0,0,"0x00007f1514200000",767,1970385224632388,1970385224632896
"MEMORY_ALLOCATION","MEMORY_ALLOCATION_FREE",0,0,"0x00007f1514224000",768,1970385224634717,1970385224635179
"MEMORY_ALLOCATION","MEMORY_ALLOCATION_FREE",0,0,"0x00007f0cd1a00000",769,1970385224636929,1970385224720390
"MEMORY_ALLOCATION","MEMORY_ALLOCATION_ALLOCATE",2,4128768,"0x00007f0d07000000",772,1970388964596083,1970388964641296
"MEMORY_ALLOCATION","MEMORY_ALLOCATION_ALLOCATE",2,44040192,"0x00007f0ccea00000",773,1970388964655809,1970388964677421
"MEMORY_ALLOCATION","MEMORY_ALLOCATION_ALLOCATE",2,129024,"0x00007f1514200000",774,1970388964684592,1970388964687908
"MEMORY_ALLOCATION","MEMORY_ALLOCATION_ALLOCATE",2,10752,"0x00007f1514220000",775,1970388964692355,1970388964692792
"MEMORY_ALLOCATION","MEMORY_ALLOCATION_ALLOCATE",2,7077888,"0x00007f0d04200000",776,1970388964697610,1970388964711212
"MEMORY_ALLOCATION","MEMORY_ALLOCATION_FREE",0,0,"0x00007f0d07000000",835,1970388973171080,1970388973269475
"MEMORY_ALLOCATION","MEMORY_ALLOCATION_FREE",0,0,"0x00007f0ccea00000",836,1970388973273006,1970388973361766
"MEMORY_ALLOCATION","MEMORY_ALLOCATION_FREE",0,0,"0x00007f1514200000",837,1970388973365105,1970388973365616
"MEMORY_ALLOCATION","MEMORY_ALLOCATION_FREE",0,0,"0x00007f1514220000",838,1970388973367089,1970388973367590
"MEMORY_ALLOCATION","MEMORY_ALLOCATION_FREE",0,0,"0x00007f0d04200000",839,1970388973369321,1970388973452306
"MEMORY_ALLOCATION","MEMORY_ALLOCATION_ALLOCATE",2,1835008,"0x00007f0d07600000",842,1970389236055674,1970389236056851
"MEMORY_ALLOCATION","MEMORY_ALLOCATION_ALLOCATE",2,1572864,"0x00007f0d07a00000",843,1970389236059419,1970389236060224
"MEMORY_ALLOCATION","MEMORY_ALLOCATION_ALLOCATE",2,57344,"0x00007f0d077c0000",844,1970389236062117,1970389236063074
"MEMORY_ALLOCATION","MEMORY_ALLOCATION_ALLOCATE",2,384,"0x00007f0d077ce000",845,1970389236064819,1970389236065307
"MEMORY_ALLOCATION","MEMORY_ALLOCATION_ALLOCATE",2,88080384,"0x00007f0ccea00000",846,1970389236066758,1970389236216843
"MEMORY_ALLOCATION","MEMORY_ALLOCATION_FREE",0,0,"0x00007f0d07600000",905,1970389239362826,1970389239363588
"MEMORY_ALLOCATION","MEMORY_ALLOCATION_FREE",0,0,"0x00007f0d07a00000",906,1970389239365557,1970389239366297
"MEMORY_ALLOCATION","MEMORY_ALLOCATION_FREE",0,0,"0x00007f0d077c0000",907,1970389239367953,1970389239368323
"MEMORY_ALLOCATION","MEMORY_ALLOCATION_FREE",0,0,"0x00007f0d077ce000",908,1970389239369784,1970389239370160
"MEMORY_ALLOCATION","MEMORY_ALLOCATION_FREE",0,0,"0x00007f0ccea00000",909,1970389239371843,1970389239467004
"MEMORY_ALLOCATION","MEMORY_ALLOCATION_ALLOCATE",2,14680064,"0x00007f0cd8c00000",912,1970391365245231,1970391365285263
"MEMORY_ALLOCATION","MEMORY_ALLOCATION_ALLOCATE",2,12582912,"0x00007f0cd3200000",913,1970391365302358,1970391365316449
"MEMORY_ALLOCATION","MEMORY_ALLOCATION_ALLOCATE",2,458752,"0x00007f1514355000",914,1970391365324825,1970391365327246
"MEMORY_ALLOCATION","MEMORY_ALLOCATION_ALLOCATE",2,3072,"0x00007f15143c5000",915,1970391365331694,1970391365332145
"MEMORY_ALLOCATION","MEMORY_ALLOCATION_ALLOCATE",2,88080384,"0x00007f0ccdc00000",916,1970391365336576,1970391365349549
"MEMORY_ALLOCATION","MEMORY_ALLOCATION_FREE",0,0,"0x00007f0cd8c00000",975,1970391378210262,1970391378309140
"MEMORY_ALLOCATION","MEMORY_ALLOCATION_FREE",0,0,"0x00007f0cd3200000",976,1970391378311897,1970391378394950
"MEMORY_ALLOCATION","MEMORY_ALLOCATION_FREE",0,0,"0x00007f1514355000",977,1970391378397121,1970391378397559
"MEMORY_ALLOCATION","MEMORY_ALLOCATION_FREE",0,0,"0x00007f15143c5000",978,1970391378399174,1970391378399714
"MEMORY_ALLOCATION","MEMORY_ALLOCATION_FREE",0,0,"0x00007f0ccdc00000",979,1970391378401273,1970391378486328
"MEMORY_ALLOCATION","MEMORY_ALLOCATION_ALLOCATE",2,33030144,"0x00007f0ccf400000",982,1970397385942500,1970397385986392
"MEMORY_ALLOCATION","MEMORY_ALLOCATION_ALLOCATE",2,44040192,"0x00007f0ccc800000",983,1970397385991914,1970397386003963
"MEMORY_ALLOCATION","MEMORY_ALLOCATION_ALLOCATE",2,1032192,"0x00007f0d07600000",984,1970397386006833,1970397386008087
"MEMORY_ALLOCATION","MEMORY_ALLOCATION_ALLOCATE",2,10752,"0x00007f1514200000",985,1970397386010752,1970397386011290
"MEMORY_ALLOCATION","MEMORY_ALLOCATION_ALLOCATE",2,56623104,"0x00007f0cc9000000",986,1970397386013100,1970397386026382
"MEMORY_ALLOCATION","MEMORY_ALLOCATION_FREE",0,0,"0x00007f0ccf400000",1045,1970397415094518,1970397415191670
"MEMORY_ALLOCATION","MEMORY_ALLOCATION_FREE",0,0,"0x00007f0ccc800000",1046,1970397415195371,1970397415284194
"MEMORY_ALLOCATION","MEMORY_ALLOCATION_FREE",0,0,"0x00007f0d07600000",1047,1970397415286590,1970397415287405
"MEMORY_ALLOCATION","MEMORY_ALLOCATION_FREE",0,0,"0x00007f1514200000",1048,1970397415289132,1970397415289540
"MEMORY_ALLOCATION","MEMORY_ALLOCATION_FREE",0,0,"0x00007f0cc9000000",1049,1970397415293663,1970397415382076
"MEMORY_ALLOCATION","MEMORY_ALLOCATION_ALLOCATE",2,16515072,"0x00007f0cd8a00000",1052,1970399803787049,1970399803819998
"MEMORY_ALLOCATION","MEMORY_ALLOCATION_ALLOCATE",2,14155776,"0x00007f0cd3000000",1053,1970399803824435,1970399803952985
"MEMORY_ALLOCATION","MEMORY_ALLOCATION_ALLOCATE",2,516096,"0x00007f1514355000",1054,1970399803955164,1970399803956615
"MEMORY_ALLOCATION","MEMORY_ALLOCATION_ALLOCATE",2,3456,"0x00007f15143d3000",1055,1970399803958259,1970399803958944
"MEMORY_ALLOCATION","MEMORY_ALLOCATION_ALLOCATE",2,88080384,"0x00007f0ccda00000",1056,1970399803960622,1970399804073021
"MEMORY_ALLOCATION","MEMORY_ALLOCATION_FREE",0,0,"0x00007f0cd8a00000",1115,1970399817895520,1970399817990145
"MEMORY_ALLOCATION","MEMORY_ALLOCATION_FREE",0,0,"0x00007f0cd3000000",1116,1970399817992614,1970399818080489
"MEMORY_ALLOCATION","MEMORY_ALLOCATION_FREE",0,0,"0x00007f1514355000",1117,1970399818082422,1970399818082926
"MEMORY_ALLOCATION","MEMORY_ALLOCATION_FREE",0,0,"0x00007f15143d3000",1118,1970399818084371,1970399818084932
"MEMORY_ALLOCATION","MEMORY_ALLOCATION_FREE",0,0,"0x00007f0ccda00000",1119,1970399818086481,1970399818170623
"MEMORY_ALLOCATION","MEMORY_ALLOCATION_ALLOCATE",2,3670016,"0x00007f0d04600000",1122,1970403554999235,1970403555068606
"MEMORY_ALLOCATION","MEMORY_ALLOCATION_ALLOCATE",2,44040192,"0x00007f0ccea00000",1123,1970403555089076,1970403555120379
"MEMORY_ALLOCATION","MEMORY_ALLOCATION_ALLOCATE",2,114688,"0x00007f1514200000",1124,1970403555130265,1970403555134041
"MEMORY_ALLOCATION","MEMORY_ALLOCATION_ALLOCATE",2,10752,"0x00007f151421c000",1125,1970403555137572,1970403555138000
"MEMORY_ALLOCATION","MEMORY_ALLOCATION_ALLOCATE",2,6291456,"0x00007f0cd9400000",1126,1970403555143370,1970403555156982
"MEMORY_ALLOCATION","MEMORY_ALLOCATION_FREE",0,0,"0x00007f0d04600000",1185,1970403563781161,1970403563888201
"MEMORY_ALLOCATION","MEMORY_ALLOCATION_FREE",0,0,"0x00007f0ccea00000",1186,1970403563892263,1970403563983032
"MEMORY_ALLOCATION","MEMORY_ALLOCATION_FREE",0,0,"0x00007f1514200000",1187,1970403563985877,1970403563986932
"MEMORY_ALLOCATION","MEMORY_ALLOCATION_FREE",0,0,"0x00007f151421c000",1188,1970403563988689,1970403563989161
"MEMORY_ALLOCATION","MEMORY_ALLOCATION_FREE",0,0,"0x00007f0cd9400000",1189,1970403563991360,1970403564075563
"MEMORY_ALLOCATION","MEMORY_ALLOCATION_ALLOCATE",2,2097152,"0x00007f0d06200000",1192,1970403969207640,1970403969239760
"MEMORY_ALLOCATION","MEMORY_ALLOCATION_ALLOCATE",2,3145728,"0x00007f0d04600000",1193,1970403969243739,1970403969255812
"MEMORY_ALLOCATION","MEMORY_ALLOCATION_ALLOCATE",2,65536,"0x00007f1514200000",1194,1970403969257917,1970403969258954
"MEMORY_ALLOCATION","MEMORY_ALLOCATION_ALLOCATE",2,768,"0x00007f1514210000",1195,1970403969260759,1970403969261234
"MEMORY_ALLOCATION","MEMORY_ALLOCATION_ALLOCATE",2,50331648,"0x00007f0cd0e00000",1196,1970403969263336,1970403969410429
"MEMORY_ALLOCATION","MEMORY_ALLOCATION_FREE",0,0,"0x00007f0d06200000",1255,1970403972640138,1970403972747121
"MEMORY_ALLOCATION","MEMORY_ALLOCATION_FREE",0,0,"0x00007f0d04600000",1256,1970403972749593,1970403972834548
"MEMORY_ALLOCATION","MEMORY_ALLOCATION_FREE",0,0,"0x00007f1514200000",1257,1970403972836617,1970403972837055
"MEMORY_ALLOCATION","MEMORY_ALLOCATION_FREE",0,0,"0x00007f1514210000",1258,1970403972838538,1970403972838912
"MEMORY_ALLOCATION","MEMORY_ALLOCATION_FREE",0,0,"0x00007f0cd0e00000",1259,1970403972840431,1970403972926782
